{
  "test.log:1784123107": 1784123171.6233692,
  "new_error.log:1784127426": 1784127469.443467
}